{"training/episode/reward": 0.0, "training/episode/length": 400, "_timestamp": 1678442511.1177604, "_runtime": 224.5461983680725, "_step": 918, "loss/total_fun_loss": 1.0067689418792725, "loss/worker": -0.08571137487888336, "loss/manager": 0.009996318258345127, "loss/value_worker": 0.4890412986278534, "loss/value_manager": 0.4420141875743866, "worker/entropy": 0.16403205692768097, "worker/advantage": -0.03467768058180809, "worker/intrinsic_reward": -0.021611526608467102, "manager/cosines": -0.02643107995390892, "manager/advantage": 0.14114966988563538, "test/episode/reward": 0.0, "test/episode/length": 400, "test/mean/reward": 0.0, "test/mean/length": 400.0}