{"training/episode/reward": 0.0, "training/episode/length": 300, "_timestamp": 1678441579.6556146, "_runtime": 6.460904598236084, "_step": 31}