{"training/episode/reward": 0.0, "training/episode/length": 300, "_timestamp": 1678441569.6937811, "_runtime": 5746.460135221481, "_step": 79758, "loss/total_fun_loss": 0.751945972442627, "loss/worker": -0.00885045900940895, "loss/manager": -0.0004636067315004766, "loss/value_worker": 0.38433700799942017, "loss/value_manager": 0.358867883682251, "worker/entropy": 0.5729966163635254, "worker/advantage": 0.016009803861379623, "worker/intrinsic_reward": -0.0017389137065038085, "manager/cosines": -0.00072089972672984, "manager/advantage": -0.008976035751402378, "test/mean/reward": 0.039603960396039604, "test/mean/length": 293.03960396039605}